,Pregnancies,Glucose,BloodPressure,SkinThickness,Insulin,BMI,DiabetesPedigreeFunction,Age,Outcome
count,768.0,768.0,768.0,768.0,768.0,768.0,768.0,768.0,768.0
mean,3.8372395833333335,121.13623046875,70.68489583333333,20.51171875,73.65266927083333,32.125065104166666,0.45891406250000005,33.199869791666664,0.3489583333333333
std,3.34415658181527,31.18746833652051,14.197239057649936,15.844744399116626,93.57602853856773,7.049583655930462,0.2855963187309199,11.62840394638317,0.47695137724279896
min,0.0,37.125,35.0,0.0,0.0,13.35,0.078,21.0,0.0
25%,1.0,99.0,62.0,0.0,0.0,27.3,0.24375,24.0,0.0
50%,3.0,117.0,72.0,23.0,30.5,32.0,0.3725,29.0,0.0
75%,6.0,140.25,80.0,32.0,127.25,36.6,0.62625,41.0,1.0
max,13.5,199.0,107.0,80.0,318.125,50.550000000000004,1.2,66.5,1.0
