,age,sex,cp,trestbps,chol,fbs,restecg,thalach,exang,oldpeak,slope,ca,thal,target
count,302.0,302.0,302.0,302.0,302.0,302.0,302.0,302.0,302.0,302.0,302.0,302.0,302.0,302.0
mean,54.420529801324506,0.6821192052980133,0.9635761589403974,131.25827814569536,245.37706953642385,0.0,0.5264900662251656,149.61299668874173,0.32781456953642385,1.0278145695364238,1.3973509933774835,0.6655629139072847,2.3178807947019866,0.543046357615894
std,9.047969746247457,0.46642573806726434,1.0320436419542316,16.60523216433146,47.486683369624544,0.0,0.5260271694099752,22.765983003221695,0.4701959640097696,1.1103953945684022,0.6162739844441468,0.8802405558868699,0.6017235590841041,0.49897035961141234
min,29.0,0.0,0.0,94.0,126.0,0.0,0.0,84.125,0.0,0.0,0.0,0.0,0.5,0.0
25%,48.0,0.0,0.0,120.0,211.0,0.0,0.0,133.25,0.0,0.0,1.0,0.0,2.0,0.0
50%,55.5,1.0,1.0,130.0,240.5,0.0,1.0,152.5,0.0,0.8,1.0,0.0,2.0,1.0
75%,61.0,1.0,2.0,140.0,274.75,0.0,1.0,166.0,1.0,1.6,2.0,1.0,3.0,1.0
max,77.0,1.0,3.0,170.0,370.375,0.0,2.0,202.0,1.0,4.0,2.0,2.5,3.0,1.0
